flightid,routeid,departuredate,departureday,aircraftid,numberofcrew,seats_booked
01JP7Q3EMY876TT2CCTRKJMHT8,01JP5JPNR7BJBZDRBPAWEE51C1,5/20/2024,Monday,16,15,288
01JP7Q3ENCNX1JW8M6WF4M14P7,01JP5JPNR91N1BSRC2CRYXFS35,5/21/2024,Tuesday,19,13,100
01JP7Q3ENEP1NT89JRBBDKNRRM,01JP5JPNR9RSDJSMXZRQYNCGJK,5/29/2024,Wednesday,17,16,214
01JP7Q3ENGKC7RM67RTH09R1EY,01JP5JPNR61PTYNAQQTCKMFKD4,5/14/2024,Tuesday,22,17,216
01JP7Q3ENJGNMSQDGBNZKKMNV7,01JP5JPNREVQ0W429NCPYMBAXN,5/14/2024,Tuesday,29,11,131
01JP7Q3ENNKADTZNZ1X9H1P47B,01JP5JPNRBDQM6X7TEBYAZNGET,5/10/2024,Friday,29,14,102
01JP7Q3ENQ69M5W62FG1R5NJX5,01JP5JPNREH90ZG9MG7F6Q3J5T,5/26/2024,Sunday,37,11,252
01JP7Q3ENS643MZ3YXFZ37BY26,01JP5JPNR9604RKK3E6WCPN0Q2,5/15/2024,Wednesday,14,10,100
01JP7Q3ENW6TX2CZ7FXS73E4QY,01JP5JPNRCTJ03ATQBRWH1WH4P,5/20/2024,Monday,19,16,116
01JP7Q3ENYS74Q3B6V055C1DJ9,01JP5JPNR9RSDJSMXZRQYNCGJK,5/5/2024,Sunday,34,20,258
01JP7Q3EP0AKY59A1P2HZ1Q7MD,01JP5JPNRAXVT13JSB0JDC18K3,5/21/2024,Tuesday,19,12,107
01JP7Q3EP188W6G5B7X7XDW0DC,01JP5JPNR9604RKK3E6WCPN0Q2,5/7/2024,Tuesday,33,13,231
01JP7Q3EP3V3Z8KH3VMC9Q7Z1F,01JP5JPNRDFQNQXBFA9SZHNZNJ,5/30/2024,Thursday,2,12,466
01JP7Q3EP5BG098QMCHD4Y47A3,01JP5JPNR61PTYNAQQTCKMFKD4,5/8/2024,Wednesday,28,15,468
01JP7Q3EP6GGBAQC4F5FQJ1HFH,01JP5JPNR84FSFKEX2PV0CN0C9,5/29/2024,Wednesday,34,17,275
01JP7Q3EP8BA9GKHFD1J88RJEF,01JP5JPNRDFQNQXBFA9SZHNZNJ,5/2/2024,Thursday,35,14,287
01JP7Q3EPAHYXDP08KHQWBHBTD,01JP5JPNREVQ0W429NCPYMBAXN,5/19/2024,Sunday,38,16,119
01JP7Q3EPB5AWT204BFMJH0H1M,01JP5JPNR84FSFKEX2PV0CN0C9,5/2/2024,Thursday,7,15,203
01JP7Q3EPDGCWF1PZ65FKK2CVT,01JP5JPNRCTJ03ATQBRWH1WH4P,5/31/2024,Friday,21,20,282
01JP7Q3EPFE3ZTX5BZG70WKDDN,01JP5JPNRAP661YYAJKA4QPCFV,5/21/2024,Tuesday,14,11,125
01JP7Q3EPH09HXKWA2EN14P172,01JP5JPNR9RSDJSMXZRQYNCGJK,5/16/2024,Thursday,3,12,130
01JP7Q3EPJE8KG58R9YPJAWFKH,01JP5JPNRAP661YYAJKA4QPCFV,5/6/2024,Monday,17,19,233
01JP7Q3EPMGJYQR5B7FC439TR3,01JP5JPNRCP9MJ5RAHSVX45KQY,5/28/2024,Tuesday,18,18,209
01JP7Q3EPNJY6AXXR75QMYE4KW,01JP5JPNR7BJBZDRBPAWEE51C1,5/8/2024,Wednesday,25,10,471
01JP7Q3EPRECJ22HEEJ6R38DVM,01JP5JPNRCP9MJ5RAHSVX45KQY,5/8/2024,Wednesday,23,19,477
01JP7Q3EPSS4R866X3Q47M6Z15,01JP5JPNR61PTYNAQQTCKMFKD4,5/15/2024,Wednesday,30,17,461
01JP7Q3EPV88RZXPPAKC592QW1,01JP5JPNREH90ZG9MG7F6Q3J5T,5/30/2024,Thursday,23,10,459
01JP7Q3EPXEVDSXDHS2JV5TJ9G,01JP5JPNRCTJ03ATQBRWH1WH4P,5/2/2024,Thursday,29,18,103
01JP7Q3EQ0JKB0G64X7BD5ZRRT,01JP5JPNRDFQNQXBFA9SZHNZNJ,5/22/2024,Wednesday,36,17,458
01JP7Q3EQ2Q23V43WZR26ZNWM6,01JP5JPNR72TVSKD8RCABR998H,5/8/2024,Wednesday,24,19,206
01JP7Q3EQ4BD4Y385H65V336WX,01JP5JPNRBSS6X83A35REQ0ZMH,5/17/2024,Friday,29,11,109
01JP7Q3EQ62CPZRV8AVPHJHSD7,01JP5JPNRAP661YYAJKA4QPCFV,5/28/2024,Tuesday,32,19,205
01JP7Q3EQ7HPC31J2ABEW92FPS,01JP5JPNR8SKG268NAGBBE99S7,5/22/2024,Wednesday,34,16,300
01JP7Q3EQ9C4PYX7XCJVSHED3X,01JP5JPNR6Y5KD32S8YZAAQT8R,5/12/2024,Sunday,20,11,105
01JP7Q3EQBHGKSAY4CRE6ZSQ48,01JP5JPNRBDQM6X7TEBYAZNGET,5/10/2024,Friday,27,11,281
01JP7Q3EQDKZCJM3ASCX7TFZCR,01JP5JPNR7BJBZDRBPAWEE51C1,5/29/2024,Wednesday,30,11,500
01JP7Q3EQEMBKCB7PNP9TAF7W2,01JP5JPNRBSS6X83A35REQ0ZMH,5/1/2024,Wednesday,18,13,247
01JP7Q3EQGD3E297VF3F3QZRHR,01JP5JPNR61PTYNAQQTCKMFKD4,5/9/2024,Thursday,25,10,470
01JP7Q3EQH5EJKWC7RZC0ZA4F6,01JP5JPNR9RSDJSMXZRQYNCGJK,5/15/2024,Wednesday,40,16,260
01JP7Q3EQKES72M7QD788JPWTN,01JP5JPNR9604RKK3E6WCPN0Q2,5/25/2024,Saturday,33,12,240
01JP7Q3EQPT6T79MBHX0Y32CRB,01JP5JPNRCP9MJ5RAHSVX45KQY,5/23/2024,Thursday,23,13,456
01JP7Q3EQSCF3547VAVGWQQ38R,01JP5JPNREH90ZG9MG7F6Q3J5T,5/22/2024,Wednesday,25,11,469
01JP7Q3EQT0M4F0JT0Z0NDWCDP,01JP5JPNR72TVSKD8RCABR998H,5/6/2024,Monday,33,18,237
01JP7Q3EQWB5QKPPQJFD1XYE9M,01JP5JPNREVQ0W429NCPYMBAXN,5/2/2024,Thursday,8,14,135
01JP7Q3EQYAATDKNWRY7J1BVJH,01JP5JPNRBSS6X83A35REQ0ZMH,5/7/2024,Tuesday,35,15,285
01JP7Q3ER0YK0JPKYXEXB4QDEQ,01JP5JPNRCPJDJBKB17KSGDQQJ,5/16/2024,Thursday,23,16,454
01JP7Q3ER1ZFWEY609TWR75YET,01JP5JPNR6Y5KD32S8YZAAQT8R,5/30/2024,Thursday,31,20,480
01JP7Q3ER3ZKRBR5R0R31STS25,01JP5JPNR8SKG268NAGBBE99S7,5/29/2024,Wednesday,30,15,463
01JP7Q3ER5D8QPAPVX9PA96M4N,01JP5JPNRBDQM6X7TEBYAZNGET,5/22/2024,Wednesday,10,19,112
01JP7Q3ER6B4XV6BTD4T33MJMT,01JP5JPNR7BJBZDRBPAWEE51C1,5/31/2024,Friday,4,13,264
01JP7Q3ER8G8Y1KYYMP3531W5S,01JP5JPNRCTJ03ATQBRWH1WH4P,5/2/2024,Thursday,15,14,264
01JP7Q3ERAKNS87PK9WWS05AC2,01JP5JPNR91N1BSRC2CRYXFS35,5/9/2024,Thursday,2,10,471
01JP7Q3ERBQCH233N5WBVJXZY0,01JP5JPNRBSS6X83A35REQ0ZMH,5/30/2024,Thursday,10,10,144
01JP7Q3ERDZVHN2SXJH3G0Y9J9,01JP5JPNR8SKG268NAGBBE99S7,5/23/2024,Thursday,37,13,294
01JP7Q3ERF1QN5MNZRCRSTZ8AZ,01JP5JPNRCPJDJBKB17KSGDQQJ,5/2/2024,Thursday,4,11,251
01JP7Q3ERG6MRXP9652KW2NMN6,01JP5JPNREVQ0W429NCPYMBAXN,5/10/2024,Friday,16,12,251
01JP7Q3ERJMFHEGZN91HFH0ERY,01JP5JPNRCP9MJ5RAHSVX45KQY,5/30/2024,Thursday,33,15,207
01JP7Q3ERKNQ9HY1R384FNHQ24,01JP5JPNREH90ZG9MG7F6Q3J5T,5/22/2024,Wednesday,15,14,298
01JP7Q3ERNV2HXQ8KFBMCYX6JH,01JP5JPNRCTJ03ATQBRWH1WH4P,5/24/2024,Friday,22,18,234
01JP7Q3ERPXSJB8DA68GHM2G3B,01JP5JPNR72TVSKD8RCABR998H,5/16/2024,Thursday,14,19,142
01JP7Q3ERR4K9QHA1KVNGCPED8,01JP5JPNRAXVT13JSB0JDC18K3,5/31/2024,Friday,19,10,139
01JP7Q3ERSZRZSPW601WDCZYKR,01JP5JPNRCTJ03ATQBRWH1WH4P,5/23/2024,Thursday,4,20,253
01JP7Q3ERWZ9W1NFZ4BVCNF51G,01JP5JPNR84FSFKEX2PV0CN0C9,5/9/2024,Thursday,39,17,464
01JP7Q3ERY9754VA9GS68DWVMK,01JP5JPNR8SKG268NAGBBE99S7,5/23/2024,Thursday,31,17,490
01JP7Q3ERZG1KYK01XBEHAG2CS,01JP5JPNRAXVT13JSB0JDC18K3,5/13/2024,Monday,9,12,218
01JP7Q3ES10R2TDNR21K4A2A8K,01JP5JPNREVQ0W429NCPYMBAXN,5/23/2024,Thursday,4,19,295
01JP7Q3ES2J07XHB40W26BQA82,01JP5JPNRDNFHCETWN5KX32TKF,5/28/2024,Tuesday,14,11,105
01JP7Q3ES4NFEKY2ZD6PE24MJS,01JP5JPNR61PTYNAQQTCKMFKD4,5/12/2024,Sunday,9,14,216
01JP7Q3ES6B45YCCG9W82C10F4,01JP5JPNRAP661YYAJKA4QPCFV,5/12/2024,Sunday,5,15,275
01JP7Q3ES87E9YFHC08GX8QHZV,01JP5JPNRAXVT13JSB0JDC18K3,5/15/2024,Wednesday,25,14,459
01JP7Q3ESA856ZYG59SMHHNPW5,01JP5JPNRCP9MJ5RAHSVX45KQY,5/23/2024,Thursday,36,15,477
01JP7Q3ESC49QGVX7N1K2DZH76,01JP5JPNRBDQM6X7TEBYAZNGET,5/6/2024,Monday,22,12,211
01JP7Q3ESDN69E0DPBP20N840H,01JP5JPNR9604RKK3E6WCPN0Q2,5/21/2024,Tuesday,9,18,222
01JP7Q3ESFKX0HMDYW8XPJEJPC,01JP5JPNRBSS6X83A35REQ0ZMH,5/6/2024,Monday,18,13,219
01JP7Q3ESG0609VZE1K1BZH75X,01JP5JPNR9RSDJSMXZRQYNCGJK,5/5/2024,Sunday,11,12,129
01JP7Q3ESHZ2JT52E7Z76GN8GQ,01JP5JPNRBSS6X83A35REQ0ZMH,5/30/2024,Thursday,22,12,226
01JP7Q3ESK2VEKMZSPC0FH8C6P,01JP5JPNR6Y5KD32S8YZAAQT8R,5/2/2024,Thursday,31,19,454
01JP7Q3ESMZ0587DDK8JJJYP2F,01JP5JPNREH90ZG9MG7F6Q3J5T,5/29/2024,Wednesday,40,11,292
01JP7Q3ESP2K68ZAHY0FRA92WJ,01JP5JPNR84FSFKEX2PV0CN0C9,5/13/2024,Monday,13,18,205
01JP7Q3ESQ826FZ34M6WEXBHSR,01JP5JPNR8SKG268NAGBBE99S7,5/31/2024,Friday,5,17,279
01JP7Q3ESSYRMET11QA7KD6XH2,01JP5JPNR9604RKK3E6WCPN0Q2,5/29/2024,Wednesday,40,16,258
01JP7Q3ESVQ35ZYB4MMKFGYFH9,01JP5JPNRBDQM6X7TEBYAZNGET,5/8/2024,Wednesday,25,15,480
01JP7Q3ESXH3093VHF0SBKHBV1,01JP5JPNR9604RKK3E6WCPN0Q2,5/19/2024,Sunday,3,13,143
01JP7Q3ESYW12KQHKSHCSTBWMA,01JP5JPNR8SKG268NAGBBE99S7,5/29/2024,Wednesday,23,17,461
01JP7Q3ET0S1ANPE83X16ENJND,01JP5JPNRCTJ03ATQBRWH1WH4P,5/25/2024,Saturday,4,13,260
01JP7Q3ET1QDY0DNPBZVEN4NT8,01JP5JPNRBSS6X83A35REQ0ZMH,5/15/2024,Wednesday,19,18,144
01JP7Q3ET392K14HDKD6FJ19S3,01JP5JPNRAP661YYAJKA4QPCFV,5/15/2024,Wednesday,2,18,482
01JP7Q3ET4S9H5H7GK1HQ1K9WN,01JP5JPNR7BJBZDRBPAWEE51C1,5/7/2024,Tuesday,8,20,143
01JP7Q3ET6YME3Z4VJY97Y60GF,01JP5JPNR91N1BSRC2CRYXFS35,5/2/2024,Thursday,13,20,207
01JP7Q3ET712Q2KCP8ZFQV59SX,01JP5JPNR91N1BSRC2CRYXFS35,5/28/2024,Tuesday,38,13,135
01JP7Q3ET9KMSV4TW2TSRPH2H9,01JP5JPNR91N1BSRC2CRYXFS35,5/7/2024,Tuesday,27,16,273
01JP7Q3ETCQGB1PDXCNAD79FVZ,01JP5JPNR61PTYNAQQTCKMFKD4,5/22/2024,Wednesday,34,12,295
01JP7Q3ETE0VEG7BF77APB6GN2,01JP5JPNR61PTYNAQQTCKMFKD4,5/30/2024,Thursday,23,20,484
01JP7Q3ETHPEJSQJ9PSAPDHJ4N,01JP5JPNREH90ZG9MG7F6Q3J5T,5/24/2024,Friday,5,16,277
01JP7Q3ETM95NPVG4AFAZVJ6W2,01JP5JPNR84FSFKEX2PV0CN0C9,5/18/2024,Saturday,33,15,229
01JP7Q3ETQA3A63VPYG0R2WX3R,01JP5JPNR61PTYNAQQTCKMFKD4,5/31/2024,Friday,38,20,123
01JP7Q3ETT56PWE55JYFCF0QHD,01JP5JPNRBSS6X83A35REQ0ZMH,5/11/2024,Saturday,32,12,200
01JP7Q3ETWVPXZAWQ6NG2C4T2H,01JP5JPNRAP661YYAJKA4QPCFV,5/8/2024,Wednesday,6,12,213
01JP7Q3ETX9W0VK979YSRR497W,01JP5JPNRCPJDJBKB17KSGDQQJ,5/7/2024,Tuesday,4,15,252
01JP7Q3EV0810QQES5CFBNBEQ9,01JP5JPNREVQ0W429NCPYMBAXN,5/4/2024,Saturday,21,20,112
01JP7Q3EV25X89DMZMVSYVRH6R,01JP5JPNR61PTYNAQQTCKMFKD4,5/9/2024,Thursday,30,15,495
01JP7Q3EV6ZT0AV7M1TZCXK2V3,01JP5JPNRCTJ03ATQBRWH1WH4P,5/29/2024,Wednesday,24,15,250
01JP7Q3EV8G9MGGKQSCTRXCKD4,01JP5JPNR8SKG268NAGBBE99S7,5/4/2024,Saturday,3,12,113
01JP7Q3EVARGJSGR29M8MNE4BT,01JP5JPNR7BJBZDRBPAWEE51C1,5/25/2024,Saturday,33,15,233
01JP7Q3EVCQ9TRYVCSC0ZYWPSC,01JP5JPNRAP661YYAJKA4QPCFV,5/11/2024,Saturday,4,10,276
01JP7Q3EVE1ECFF5RGTB0RTK60,01JP5JPNRCP9MJ5RAHSVX45KQY,5/27/2024,Monday,7,17,225
01JP7Q3EVGE1Y6R21XV625N8FR,01JP5JPNR6Y5KD32S8YZAAQT8R,5/18/2024,Saturday,24,13,249
01JP7Q3EVK79BT1FD6649F0G02,01JP5JPNR9604RKK3E6WCPN0Q2,5/2/2024,Thursday,11,12,106
01JP7Q3EVPYSNW3SNZ8JTCY55D,01JP5JPNRBSS6X83A35REQ0ZMH,5/8/2024,Wednesday,40,14,271
01JP7Q3EVQHHS0TDR7QZE6TY3X,01JP5JPNRBDQM6X7TEBYAZNGET,5/26/2024,Sunday,13,20,233
01JP7Q3EVSJRDHGBNNCWJ16D9P,01JP5JPNR9RSDJSMXZRQYNCGJK,5/21/2024,Tuesday,17,16,236
01JP7Q3EVT7ACQKRQ4SND1SRAK,01JP5JPNRDFQNQXBFA9SZHNZNJ,5/31/2024,Friday,33,16,230
01JP7Q3EVW73HCBXR2PSC286DZ,01JP5JPNR61PTYNAQQTCKMFKD4,5/14/2024,Tuesday,21,17,148
01JP7Q3EVX9XB023CV1NZ7T9VR,01JP5JPNREVQ0W429NCPYMBAXN,5/22/2024,Wednesday,26,12,467
01JP7Q3EVYY4H4XACR5E9GMAD6,01JP5JPNR84FSFKEX2PV0CN0C9,5/16/2024,Thursday,16,14,287
01JP7Q3EW0FGNT4CAMTCE3CB2H,01JP5JPNRBSS6X83A35REQ0ZMH,5/18/2024,Saturday,35,19,250
01JP7Q3EW1Y786XSADX4RV7WA1,01JP5JPNREVQ0W429NCPYMBAXN,5/5/2024,Sunday,12,18,253
01JP7Q3EW3BJYFMG9VB4HTKP8Z,01JP5JPNRAXVT13JSB0JDC18K3,5/28/2024,Tuesday,21,12,258
01JP7Q3EW5KKWT67ZYVQS24ND6,01JP5JPNR61PTYNAQQTCKMFKD4,5/3/2024,Friday,12,17,266
01JP7Q3EW66A0DPNQVHF07BN27,01JP5JPNR6Y5KD32S8YZAAQT8R,5/29/2024,Wednesday,31,20,472
01JP7Q3EW7TKSFYWT3WEHGQSAX,01JP5JPNR84FSFKEX2PV0CN0C9,5/9/2024,Thursday,36,17,453
01JP7Q3EWA5ANNTC7T621AM6YV,01JP5JPNRDNFHCETWN5KX32TKF,5/7/2024,Tuesday,21,12,118
01JP7Q3EWC58TM8R44SGBQKJ0A,01JP5JPNRAP661YYAJKA4QPCFV,5/6/2024,Monday,9,12,219
01JP7Q3EWECX7STB7KKSR8M9A9,01JP5JPNR84FSFKEX2PV0CN0C9,5/30/2024,Thursday,2,13,470
01JP7Q3EWHX1T1X4ZRAJ5BA41V,01JP5JPNR84FSFKEX2PV0CN0C9,5/24/2024,Friday,6,17,213
01JP7Q3EWM7SN9PQWVET49S8K8,01JP5JPNREVQ0W429NCPYMBAXN,5/4/2024,Saturday,32,19,210
01JP7Q3EWQXPZ6T5DGBSTJQWSS,01JP5JPNR72TVSKD8RCABR998H,5/14/2024,Tuesday,6,17,206
01JP7Q3EWTCH5K4DRDQSDSY297,01JP5JPNRDFQNQXBFA9SZHNZNJ,5/23/2024,Thursday,26,12,476
01JP7Q3EWW56H8P9Q7EK8PG2MF,01JP5JPNR7BJBZDRBPAWEE51C1,5/26/2024,Sunday,22,20,207
01JP7Q3EWZF65YT3MMKZHJ3EF3,01JP5JPNREVQ0W429NCPYMBAXN,5/2/2024,Thursday,3,12,112
01JP7Q3EX28GC4NC3YBA8E4Y5B,01JP5JPNRCPJDJBKB17KSGDQQJ,5/14/2024,Tuesday,7,19,246
01JP7Q3EX5FZJQGBZYFWFXASND,01JP5JPNR6Y5KD32S8YZAAQT8R,5/20/2024,Monday,34,12,289
01JP7Q3EX7K1R8SBBTHKK0Y3TZ,01JP5JPNRCTJ03ATQBRWH1WH4P,5/16/2024,Thursday,5,12,291
01JP7Q3EXAN2MV1BJ1YAK7ND3W,01JP5JPNR84FSFKEX2PV0CN0C9,5/23/2024,Thursday,17,12,210
01JP7Q3EXCW462V4DXKSESFJ5G,01JP5JPNRDNFHCETWN5KX32TKF,5/8/2024,Wednesday,25,20,484
01JP7Q3EXDPF3DZXVR3NVP4BMH,01JP5JPNREVQ0W429NCPYMBAXN,5/17/2024,Friday,19,12,110
01JP7Q3EXG85E3MRCZ71VFX8TZ,01JP5JPNRCTJ03ATQBRWH1WH4P,5/31/2024,Friday,17,15,230
01JP7Q3EXH19R6FWKQ528R6DVZ,01JP5JPNRCP9MJ5RAHSVX45KQY,5/8/2024,Wednesday,29,13,119
01JP7Q3EXK1A59RRQXJCHMYWPA,01JP5JPNRCPJDJBKB17KSGDQQJ,5/20/2024,Monday,8,15,142
01JP7Q3EXPGFWFC9GHWBWEN221,01JP5JPNR72TVSKD8RCABR998H,5/1/2024,Wednesday,19,15,118
01JP7Q3EXS122MGZGKY78VQET0,01JP5JPNRCP9MJ5RAHSVX45KQY,5/16/2024,Thursday,12,18,265
01JP7Q3EXV958VAK585H0ZK01H,01JP5JPNREH90ZG9MG7F6Q3J5T,5/23/2024,Thursday,31,12,469
01JP7Q3EXY9ACRBG783P4NBZCC,01JP5JPNRCP9MJ5RAHSVX45KQY,5/25/2024,Saturday,24,17,218
01JP7Q3EY083CCW9TVKWAC6KB0,01JP5JPNRCP9MJ5RAHSVX45KQY,5/16/2024,Thursday,23,18,464
01JP7Q3EY3HCQ5290VDR1RSEJP,01JP5JPNR84FSFKEX2PV0CN0C9,5/9/2024,Thursday,12,14,258
01JP7Q3EY5HDZJ01DZ56YC9D39,01JP5JPNR6Y5KD32S8YZAAQT8R,5/12/2024,Sunday,38,17,150
01JP7Q3EY8XHDGPQTB45WEPA0Z,01JP5JPNR72TVSKD8RCABR998H,5/1/2024,Wednesday,18,14,207
01JP7Q3EYBCQR4Z4JC4TSP2WEZ,01JP5JPNRDFQNQXBFA9SZHNZNJ,5/14/2024,Tuesday,22,10,218
01JP7Q3EYEDDQJ1H5NJE49FQXC,01JP5JPNR6Y5KD32S8YZAAQT8R,5/10/2024,Friday,11,16,141
01JP7Q3EYGWZEC26QJQB6EBFXX,01JP5JPNRCTJ03ATQBRWH1WH4P,5/29/2024,Wednesday,15,10,290
01JP7Q3EYJ0VCBSANG6BKSYEWB,01JP5JPNR91N1BSRC2CRYXFS35,5/18/2024,Saturday,17,19,205
01JP7Q3EYN4JWSSBNKSGZ06W6V,01JP5JPNR6Y5KD32S8YZAAQT8R,5/31/2024,Friday,38,13,138
01JP7Q3EYQ7BS9M7RZA4MV0KNV,01JP5JPNR6Y5KD32S8YZAAQT8R,5/27/2024,Monday,38,12,146
01JP7Q3EYTAJC591JJRMR792BH,01JP5JPNRAP661YYAJKA4QPCFV,5/16/2024,Thursday,36,19,454
01JP7Q3EYXS4K5SEPHEPAJMT96,01JP5JPNREVQ0W429NCPYMBAXN,5/31/2024,Friday,17,18,231
01JP7Q3EZ090B760X1SR213CPY,01JP5JPNRBDQM6X7TEBYAZNGET,5/4/2024,Saturday,16,15,283
01JP7Q3EZ2BD01NMNBV2E0A7X9,01JP5JPNR6Y5KD32S8YZAAQT8R,5/9/2024,Thursday,25,13,462
01JP7Q3EZ4C7TSZYCTX2J3HXZ2,01JP5JPNR61PTYNAQQTCKMFKD4,5/16/2024,Thursday,35,17,265
01JP7Q3EZ6DQAD82B03G8597QA,01JP5JPNRCPJDJBKB17KSGDQQJ,5/4/2024,Saturday,40,20,276
01JP7Q3EZ9C3EWW2Y1A184EPFZ,01JP5JPNR84FSFKEX2PV0CN0C9,5/23/2024,Thursday,39,10,498
01JP7Q3EZB7X03BW0AVAMFBYR6,01JP5JPNR9604RKK3E6WCPN0Q2,5/25/2024,Saturday,1,15,250
01JP7Q3EZD0NXCRAEPEXXYT9ST,01JP5JPNRCTJ03ATQBRWH1WH4P,5/20/2024,Monday,10,19,121
01JP7Q3EZFSJM36D6NX144QZ88,01JP5JPNR6Y5KD32S8YZAAQT8R,5/13/2024,Monday,29,15,141
01JP7Q3EZHB988D18JXWF0293K,01JP5JPNRDFQNQXBFA9SZHNZNJ,5/9/2024,Thursday,34,14,284
01JP7Q3EZKF6ZZBK6Q1R9DMHS5,01JP5JPNREH90ZG9MG7F6Q3J5T,5/28/2024,Tuesday,32,10,233
01JP7Q3EZP9NYCTZR2AATDE1CW,01JP5JPNRAXVT13JSB0JDC18K3,5/12/2024,Sunday,9,16,206
01JP7Q3EZRJ0YV7SM6YRF0Z75B,01JP5JPNR8SKG268NAGBBE99S7,5/18/2024,Saturday,32,19,205
01JP7Q3EZT4XPAGT2HYW675QB0,01JP5JPNR9604RKK3E6WCPN0Q2,5/11/2024,Saturday,3,12,128
01JP7Q3EZW2GH1SRV4N7HNPJ8F,01JP5JPNR91N1BSRC2CRYXFS35,5/28/2024,Tuesday,22,13,236
01JP7Q3EZYGMEBH11EYM0YQAS0,01JP5JPNR8SKG268NAGBBE99S7,5/6/2024,Monday,7,20,243
01JP7Q3F015PKWE8GWTH34HF7X,01JP5JPNRDNFHCETWN5KX32TKF,5/2/2024,Thursday,2,12,464
01JP7Q3F032ZMC58EZNKA4C2ZJ,01JP5JPNR7BJBZDRBPAWEE51C1,5/7/2024,Tuesday,35,14,258
01JP7Q3F06F0EGJ5HTFYZM6NYG,01JP5JPNR9RSDJSMXZRQYNCGJK,5/27/2024,Monday,14,12,126
01JP7Q3F085DS92EX1EQ86JP71,01JP5JPNR91N1BSRC2CRYXFS35,6/6/2024,Thursday,21,15,296
01JP7Q3F0AAWGMVBG1FVQ473CG,01JP5JPNR84FSFKEX2PV0CN0C9,5/8/2024,Wednesday,15,10,297
01JP7Q3F0DQGFRKFTCFQ7TGMDE,01JP5JPNR61PTYNAQQTCKMFKD4,5/29/2024,Wednesday,34,20,275
01JP7Q3F0G14915XH5CESQRYFK,01JP5JPNR7BJBZDRBPAWEE51C1,5/2/2024,Thursday,32,11,241
01JP7Q3F0JGDQ1VGH86RFGXGHB,01JP5JPNRCTJ03ATQBRWH1WH4P,5/29/2024,Wednesday,8,12,130
01JP7Q3F0NAB4VSNVE6135PX6S,01JP5JPNR7BJBZDRBPAWEE51C1,5/12/2024,Sunday,17,10,244
01JP7Q3F0QKDSND3SR0X09J2P8,01JP5JPNRDNFHCETWN5KX32TKF,5/4/2024,Saturday,7,17,210
01JP7Q3F0T5X0E26VPVBPP9WVR,01JP5JPNR9604RKK3E6WCPN0Q2,5/15/2024,Wednesday,25,16,462
01JP7Q3F0XT8GRY96WTBV9XRC8,01JP5JPNRBSS6X83A35REQ0ZMH,5/31/2024,Friday,5,12,268
01JP7Q3F0Z5ZY82X8BMRPTEFQ0,01JP5JPNREH90ZG9MG7F6Q3J5T,5/21/2024,Tuesday,10,20,138
01JP7Q3F12ZKKX8854TV36HKG0,01JP5JPNRBSS6X83A35REQ0ZMH,5/12/2024,Sunday,9,12,229
01JP7Q3F1482THRGP2VY0Q73GB,01JP5JPNR6Y5KD32S8YZAAQT8R,5/26/2024,Sunday,11,12,146
01JP7Q3F16G337E87H4VW8XAM8,01JP5JPNR72TVSKD8RCABR998H,5/11/2024,Saturday,21,10,111
01JP7Q3F18TQ1Q7EX4XM0MK155,01JP5JPNRAP661YYAJKA4QPCFV,5/12/2024,Sunday,14,18,120
01JP7Q3F1B63H3SHK4PPF6JV9G,01JP5JPNRCPJDJBKB17KSGDQQJ,5/6/2024,Monday,1,14,209
01JP7Q3F1DYYDMAPS3QFZ3MJYG,01JP5JPNRDNFHCETWN5KX32TKF,5/2/2024,Thursday,3,18,108
01JP7Q3F1E6D710TKD2MZMGJ5R,01JP5JPNR61PTYNAQQTCKMFKD4,5/19/2024,Sunday,3,12,109
01JP7Q3F1HC7RBA1HM0VH58KZK,01JP5JPNREH90ZG9MG7F6Q3J5T,5/29/2024,Wednesday,32,20,226
01JP7Q3F1KN0RHZ7A8WPTY4670,01JP5JPNREVQ0W429NCPYMBAXN,5/9/2024,Thursday,5,14,290
01JP7Q3F1MJ54HGSHX19WQ8FCM,01JP5JPNR72TVSKD8RCABR998H,5/7/2024,Tuesday,11,12,132
01JP7Q3F1P21NPR00Q234BPR3T,01JP5JPNR84FSFKEX2PV0CN0C9,5/23/2024,Thursday,2,12,457
01JP7Q3F1QK0MJK3VP79SDDDTK,01JP5JPNRCP9MJ5RAHSVX45KQY,5/8/2024,Wednesday,8,10,135
01JP7Q3F1ST2S37PKT7EJY7ZSN,01JP5JPNRCPJDJBKB17KSGDQQJ,5/22/2024,Wednesday,26,14,490
01JP7Q3F1WQBEQAG6BPN9W3PH6,01JP5JPNREH90ZG9MG7F6Q3J5T,5/8/2024,Wednesday,31,10,494
01JP7Q3F1XBBVQ86KNJZ8WCGW6,01JP5JPNRBSS6X83A35REQ0ZMH,5/15/2024,Wednesday,19,19,104
01JP7Q3F1Z3ZX9FE2DC1KJX8V4,01JP5JPNR6Y5KD32S8YZAAQT8R,5/5/2024,Sunday,27,17,277
01JP7Q3F20C790SWZ4922B0VEY,01JP5JPNRBDQM6X7TEBYAZNGET,5/9/2024,Thursday,9,18,207
01JP7Q3F2PC1DMNSBNWHTJ3DX2,01JP5JPNR7BJBZDRBPAWEE51C1,5/2/2024,Thursday,34,18,289
01JP7Q3F2S64W78MYSM0DYDA3N,01JP5JPNR6Y5KD32S8YZAAQT8R,5/29/2024,Wednesday,5,16,287
01JP7Q3F2TAKW1QW4Y4FFREWB6,01JP5JPNREH90ZG9MG7F6Q3J5T,5/23/2024,Thursday,9,20,205
01JP7Q3F2W8KZT6PGTNHHHJE8X,01JP5JPNR84FSFKEX2PV0CN0C9,5/20/2024,Monday,9,11,239
01JP7Q3F2XC0W86KZPEDW0TPR6,01JP5JPNR6Y5KD32S8YZAAQT8R,5/22/2024,Wednesday,32,13,201
01JP7Q3F2ZSWJGJQ6A74D29PQ0,01JP5JPNREH90ZG9MG7F6Q3J5T,5/16/2024,Thursday,37,11,288
01JP7Q3F31QQPVHJBJM52G5BQ9,01JP5JPNRCPJDJBKB17KSGDQQJ,5/15/2024,Wednesday,31,17,486
01JP7Q3F33BEF8YDR884FWJ5B7,01JP5JPNRDFQNQXBFA9SZHNZNJ,5/1/2024,Wednesday,17,10,239
01JP7Q3F35M4MX0FMSD4BZZS93,01JP5JPNR61PTYNAQQTCKMFKD4,5/7/2024,Tuesday,11,15,135
01JP7Q3F369Y2ZE5PYCW5VJEDH,01JP5JPNR9604RKK3E6WCPN0Q2,5/15/2024,Wednesday,35,19,295
01JP7Q3F39M7EJYBV2CJPTY0KF,01JP5JPNRDNFHCETWN5KX32TKF,5/29/2024,Wednesday,23,17,483
01JP7Q3F3BC6ARS2CRPT2SW4JD,01JP5JPNR9RSDJSMXZRQYNCGJK,5/18/2024,Saturday,1,14,240
01JP7Q3F3D2ECW494EY3M9CB0Z,01JP5JPNR6Y5KD32S8YZAAQT8R,5/8/2024,Wednesday,4,10,265
01JP7Q3F3EHXX805N0ZJ2NXV54,01JP5JPNR7BJBZDRBPAWEE51C1,5/30/2024,Thursday,19,11,113
01JP7Q3F3FYCYSCKSA2682ZTKH,01JP5JPNR7BJBZDRBPAWEE51C1,5/22/2024,Wednesday,25,10,471
01JP7Q3F3HR9PFHH4ATYFP9WYP,01JP5JPNR7BJBZDRBPAWEE51C1,5/1/2024,Wednesday,4,15,286
01JP7Q3F3M40TF4FWDCFK8SJ0M,01JP5JPNR9RSDJSMXZRQYNCGJK,5/22/2024,Wednesday,25,15,473
01JP7Q3F3QZZNCDG3JB3VTA9F4,01JP5JPNRBDQM6X7TEBYAZNGET,5/2/2024,Thursday,37,19,268
01JP7Q3F3SNBFBVC5B94QNYXC5,01JP5JPNR9604RKK3E6WCPN0Q2,5/7/2024,Tuesday,18,15,237
01JP7Q3F3VZM6ATYKETBPNCWCQ,01JP5JPNR84FSFKEX2PV0CN0C9,5/4/2024,Saturday,17,18,226
01JP7Q3F3XSVXMBCH599P14Z64,01JP5JPNRCP9MJ5RAHSVX45KQY,5/11/2024,Saturday,33,17,237
01JP7Q3F3Y8YKWRF8Q9DS3VJ1P,01JP5JPNRBSS6X83A35REQ0ZMH,5/15/2024,Wednesday,6,19,241
01JP7Q3F4020Q6JH5KVR4ZNF17,01JP5JPNR7BJBZDRBPAWEE51C1,5/21/2024,Tuesday,33,20,223
01JP7Q3F42B28KPA3SR6P682D6,01JP5JPNRBDQM6X7TEBYAZNGET,5/5/2024,Sunday,1,12,239
01JP7Q3F45CG3K4T6YBMATQY1F,01JP5JPNR91N1BSRC2CRYXFS35,5/15/2024,Wednesday,25,19,499
01JP7Q3F46FRFYAP87HPJ3BYRE,01JP5JPNRCPJDJBKB17KSGDQQJ,5/7/2024,Tuesday,8,20,105
01JP7Q3F499P2DXMNHJECKQV2R,01JP5JPNR6Y5KD32S8YZAAQT8R,5/23/2024,Thursday,25,16,488
01JP7Q3F4CT32VER21X4XV1W2D,01JP5JPNREH90ZG9MG7F6Q3J5T,5/15/2024,Wednesday,1,14,222
01JP7Q3F4EDW1PSKG6TDHN70NY,01JP5JPNRAP661YYAJKA4QPCFV,5/30/2024,Thursday,5,19,291
01JP7Q3F4GV1EZKCCAT3MWJEGF,01JP5JPNRCP9MJ5RAHSVX45KQY,5/2/2024,Thursday,31,18,494
01JP7Q3F4KXANF0302ZDEJKVR3,01JP5JPNR61PTYNAQQTCKMFKD4,5/20/2024,Monday,11,19,136
01JP7Q3F4NTPSTKK4KFJ4A8Q3F,01JP5JPNR61PTYNAQQTCKMFKD4,5/15/2024,Wednesday,23,14,462
01JP7Q3F4QG8WZ459J77T6HBHZ,01JP5JPNR8SKG268NAGBBE99S7,5/19/2024,Sunday,33,18,239
01JP7Q3F4SYEJCG0KC95ESBGN6,01JP5JPNR7BJBZDRBPAWEE51C1,5/30/2024,Thursday,4,13,278
01JP7Q3F4VKQD1EVJWR8V42N1X,01JP5JPNR7BJBZDRBPAWEE51C1,5/10/2024,Friday,35,11,251
01JP7Q3F4X69V3WKP6PT6HE2TE,01JP5JPNR72TVSKD8RCABR998H,5/23/2024,Thursday,9,13,201
01JP7Q3F4Z49GB11HRAH3YKX8W,01JP5JPNR72TVSKD8RCABR998H,5/22/2024,Wednesday,31,13,480
01JP7Q3F52699VXT43QKTZXZDJ,01JP5JPNRDFQNQXBFA9SZHNZNJ,5/28/2024,Tuesday,14,19,144
01JP7Q3F53GZ3NCDNJ8S815Q7K,01JP5JPNREH90ZG9MG7F6Q3J5T,5/9/2024,Thursday,21,11,135
01JP7Q3F560DQS8A9YFHQVPHRR,01JP5JPNRAXVT13JSB0JDC18K3,5/17/2024,Friday,29,20,113
01JP7Q3F584TME4SF1FNTXNYX7,01JP5JPNR84FSFKEX2PV0CN0C9,5/29/2024,Wednesday,30,17,480
01JP7Q3F5AP4MWSG72Z5KKPYT7,01JP5JPNR9604RKK3E6WCPN0Q2,5/29/2024,Wednesday,31,13,462
01JP7Q3F5BGZVG817V3DXAG6B9,01JP5JPNR7BJBZDRBPAWEE51C1,5/9/2024,Thursday,6,10,228
01JP7Q3F5DR8N00KC4ESFGSVSZ,01JP5JPNR72TVSKD8RCABR998H,5/20/2024,Monday,8,16,143
01JP7Q3F5F993P02VNQ8Y0ECZ5,01JP5JPNR8SKG268NAGBBE99S7,5/2/2024,Thursday,15,18,290
01JP7Q3F5H2Z1MAMXKDAAFGCR8,01JP5JPNREVQ0W429NCPYMBAXN,5/30/2024,Thursday,31,19,458
01JP7Q3F5K26JAKRFCSYRHG6CA,01JP5JPNR6Y5KD32S8YZAAQT8R,5/31/2024,Friday,7,10,220
01JP7Q3F5MHR1J950QKSJ8P28H,01JP5JPNR8SKG268NAGBBE99S7,5/8/2024,Wednesday,27,11,263
01JP7Q3F5PN02C0YX1THMWY74H,01JP5JPNRBSS6X83A35REQ0ZMH,5/15/2024,Wednesday,26,16,467
01JP7Q3F5R31Z0D6ZVZ8J68KTG,01JP5JPNR8SKG268NAGBBE99S7,5/24/2024,Friday,33,17,228
01JP7Q3F5SHXD1X7SYBY4FCK2N,01JP5JPNRBSS6X83A35REQ0ZMH,5/28/2024,Tuesday,40,12,253
01JP7Q3F5VB3DXB8ZYGDEGMRQJ,01JP5JPNRDNFHCETWN5KX32TKF,5/24/2024,Friday,10,17,139
01JP7Q3F5X93WCGN0N621FNX6H,01JP5JPNRDFQNQXBFA9SZHNZNJ,5/12/2024,Sunday,10,20,101
01JP7Q3F5ZPXE1SGFP4JETZXY6,01JP5JPNR84FSFKEX2PV0CN0C9,5/15/2024,Wednesday,31,12,481
01JP7Q3F62H9JVGTEN58VW6N2V,01JP5JPNREVQ0W429NCPYMBAXN,5/30/2024,Thursday,23,14,479
01JP7Q3F65QQ4KP3ZGNHFH5TM5,01JP5JPNR72TVSKD8RCABR998H,5/11/2024,Saturday,24,12,224
01JP7Q3F67TBSDPHEYHGTWP0Y6,01JP5JPNR9604RKK3E6WCPN0Q2,5/25/2024,Saturday,21,19,271
01JP7Q3F692W0BTT7KTVD46P44,01JP5JPNR61PTYNAQQTCKMFKD4,5/15/2024,Wednesday,2,17,476
01JP7Q3F6C8Y83YKWGH6VDD9WD,01JP5JPNR8SKG268NAGBBE99S7,5/16/2024,Thursday,26,14,494
01JP7Q3F6FPQJVW7KJ1GR96G8C,01JP5JPNRAXVT13JSB0JDC18K3,5/8/2024,Wednesday,25,16,477
01JP7Q3F6JMA69SEQGQQAH6WJ2,01JP5JPNRDFQNQXBFA9SZHNZNJ,5/22/2024,Wednesday,5,10,252
01JP7Q3F6NGYGGEFGJQ7FR37N8,01JP5JPNR91N1BSRC2CRYXFS35,5/16/2024,Thursday,26,16,482
01JP7Q3F6PM2C0JD8TZ963W46V,01JP5JPNRCP9MJ5RAHSVX45KQY,5/22/2024,Wednesday,31,20,474
01JP7Q3F6RXCHGEREVSDRXD30W,01JP5JPNRAXVT13JSB0JDC18K3,5/7/2024,Tuesday,32,15,222
01JP7Q3F6VTKNRRAAARAZJ093X,01JP5JPNRAXVT13JSB0JDC18K3,5/4/2024,Saturday,11,17,147
01JP7Q3F6X8CKZFCTFW60XABN3,01JP5JPNREH90ZG9MG7F6Q3J5T,5/14/2024,Tuesday,6,11,210
01JP7Q3F6ZZ395TSTRXXR14YHM,01JP5JPNRDFQNQXBFA9SZHNZNJ,5/1/2024,Wednesday,18,10,227
01JP7Q3F71XE4S19XQE294D14D,01JP5JPNRCTJ03ATQBRWH1WH4P,5/4/2024,Saturday,29,15,105
01JP7Q3F73EWK31A62DEFAGJJF,01JP5JPNR61PTYNAQQTCKMFKD4,5/15/2024,Wednesday,17,18,236
01JP7Q3F7598WQRZXCDE0GPV11,01JP5JPNR8SKG268NAGBBE99S7,5/3/2024,Friday,4,14,251
01JP7Q3F77H3EP4ZRW0DZT2KPK,01JP5JPNRDFQNQXBFA9SZHNZNJ,5/15/2024,Wednesday,23,16,483
01JP7Q3F79SHWQ7XGC0P5V68DK,01JP5JPNR91N1BSRC2CRYXFS35,5/17/2024,Friday,13,15,213
01JP7Q3F7APF80K8NHH3FJR794,01JP5JPNRDFQNQXBFA9SZHNZNJ,5/22/2024,Wednesday,30,17,481
01JP7Q3F7CATZ0R95G445M5T2T,01JP5JPNREVQ0W429NCPYMBAXN,5/12/2024,Sunday,1,19,224
01JP7Q3F7D5AHTMCKAF5PJQ3EK,01JP5JPNRAP661YYAJKA4QPCFV,5/8/2024,Wednesday,25,15,470
01JP7Q3F7FRJVW1H4S5J8S05RB,01JP5JPNRBDQM6X7TEBYAZNGET,5/23/2024,Thursday,32,11,239
01JP7Q3F7H19575BWT6FZSG8E4,01JP5JPNRDFQNQXBFA9SZHNZNJ,5/15/2024,Wednesday,35,13,297
01JP7Q3F7JEDPRTAZNXWQEYR9D,01JP5JPNREVQ0W429NCPYMBAXN,5/12/2024,Sunday,7,15,222
01JP7Q3F7MMG0X44FYTRGGY2VC,01JP5JPNRCP9MJ5RAHSVX45KQY,5/23/2024,Thursday,2,15,480
01JP7Q3F7PE0RCZF7YWD2HW008,01JP5JPNR8SKG268NAGBBE99S7,5/16/2024,Thursday,5,10,298
01JP7Q3F7R3ABRK8GYAHTGJ4QN,01JP5JPNR61PTYNAQQTCKMFKD4,5/5/2024,Sunday,33,16,214
01JP7Q3F7VFQDWYH1YK3SV2AXV,01JP5JPNRBDQM6X7TEBYAZNGET,5/26/2024,Sunday,11,10,126
01JP7Q3F7X033C1G355846KG1Y,01JP5JPNREVQ0W429NCPYMBAXN,5/31/2024,Friday,17,16,240
01JP7Q3F7YVH0DDPC5FG0TARQ7,01JP5JPNRBSS6X83A35REQ0ZMH,5/2/2024,Thursday,21,18,265
01JP7Q3F80A4RTNW1SJ3P9E6EK,01JP5JPNRAXVT13JSB0JDC18K3,5/15/2024,Wednesday,19,13,114
01JP7Q3F82HDRM2V7DGRBFE83F,01JP5JPNR91N1BSRC2CRYXFS35,5/22/2024,Wednesday,2,20,453
01JP7Q3F83PRF1TSGBNHBECDY7,01JP5JPNR6Y5KD32S8YZAAQT8R,5/21/2024,Tuesday,22,11,223
01JP7Q3F85EQX2NAHZEP0NXN0P,01JP5JPNRDNFHCETWN5KX32TKF,5/4/2024,Saturday,10,17,132
01JP7Q3F87B3NV1JCEFJ9YGQXQ,01JP5JPNR91N1BSRC2CRYXFS35,5/1/2024,Wednesday,35,20,273
01JP7Q3F88V07J34NPSV8KGBDA,01JP5JPNR84FSFKEX2PV0CN0C9,5/9/2024,Thursday,26,15,451
01JP7Q3F8ARFXKGFKJCK2NJD4Z,01JP5JPNR6Y5KD32S8YZAAQT8R,5/17/2024,Friday,34,19,271
01JP7Q3F8BHM3PE5XMSQT6BYYP,01JP5JPNR9RSDJSMXZRQYNCGJK,5/3/2024,Friday,24,14,203
01JP7Q3F8D7XR0CWYES1RNFHXN,01JP5JPNREH90ZG9MG7F6Q3J5T,5/1/2024,Wednesday,1,13,223
01JP7Q3F8F90YMCAD434ZD6JCV,01JP5JPNR7BJBZDRBPAWEE51C1,5/21/2024,Tuesday,29,20,135
01JP7Q3F8HC748NEQSMCPJDZKB,01JP5JPNR61PTYNAQQTCKMFKD4,5/11/2024,Saturday,19,20,102
01JP7Q3F8JY4NSJ5N8BFA9N8SN,01JP5JPNRCP9MJ5RAHSVX45KQY,5/22/2024,Wednesday,18,20,206
01JP7Q3F8MG04AGY9EJNX580VV,01JP5JPNRBDQM6X7TEBYAZNGET,5/13/2024,Monday,15,12,262
01JP7Q3F8NP31DRHCJ7SCA83TJ,01JP5JPNRDFQNQXBFA9SZHNZNJ,5/24/2024,Friday,9,10,230
01JP7Q3F8QTRQ69FDBBDQ9EDEZ,01JP5JPNRAP661YYAJKA4QPCFV,5/20/2024,Monday,17,14,246
01JP7Q3F8SXB8MH6FW7ZCQBMGV,01JP5JPNR8SKG268NAGBBE99S7,5/8/2024,Wednesday,32,10,207
01JP7Q3F8VBFNNV6DDSFSMZ3BV,01JP5JPNRAP661YYAJKA4QPCFV,5/15/2024,Wednesday,21,17,298
01JP7Q3F8YEA3GZ7M7CW0ZEQ8A,01JP5JPNR6Y5KD32S8YZAAQT8R,5/5/2024,Sunday,18,19,249
01JP7Q3F91Q4PN77Q194DXAPN1,01JP5JPNR6Y5KD32S8YZAAQT8R,5/20/2024,Monday,19,10,122
01JP7Q3F92G13ZRSDB7J8EHXC3,01JP5JPNR84FSFKEX2PV0CN0C9,5/12/2024,Sunday,15,16,269
01JP7Q3F94QPHNVV195ZQ5PABS,01JP5JPNRBSS6X83A35REQ0ZMH,5/19/2024,Sunday,32,10,200
01JP7Q3F956M57AJS45SQB0VKV,01JP5JPNRDFQNQXBFA9SZHNZNJ,5/25/2024,Saturday,10,16,135
01JP7Q3F97D5YVYCQ886MQJJP4,01JP5JPNRCP9MJ5RAHSVX45KQY,5/14/2024,Tuesday,17,12,246
01JP7Q3F99YYT2Q4AP0QJ2P8M3,01JP5JPNRDFQNQXBFA9SZHNZNJ,5/8/2024,Wednesday,35,11,275
01JP7Q3F9A60TPN2WW3TA09XE3,01JP5JPNRCTJ03ATQBRWH1WH4P,5/13/2024,Monday,6,10,228
01JP7Q3F9C307CYNK7V1KBMEFR,01JP5JPNRCP9MJ5RAHSVX45KQY,6/6/2024,Thursday,16,20,300
01JP7Q3F9DBM57RZVFMD1SB34M,01JP5JPNR91N1BSRC2CRYXFS35,5/30/2024,Thursday,26,16,493
01JP7Q3F9GHHV6R7DX8VX2PMW6,01JP5JPNR6Y5KD32S8YZAAQT8R,5/9/2024,Thursday,25,17,459
01JP7Q3F9KHKQF7HYXT05WPVBS,01JP5JPNRAXVT13JSB0JDC18K3,5/5/2024,Sunday,12,14,258
01JP7Q3F9PF4RAP0P2061Y7QHP,01JP5JPNR9604RKK3E6WCPN0Q2,5/2/2024,Thursday,26,14,481
01JP7Q3F9QEPFMQY00AN8BMKVD,01JP5JPNRAXVT13JSB0JDC18K3,5/1/2024,Wednesday,40,20,294
01JP7Q3F9SN38PG544CS359B4B,01JP5JPNRDFQNQXBFA9SZHNZNJ,5/15/2024,Wednesday,4,14,254
01JP7Q3F9V3CTH6QEDJ7BZZG9N,01JP5JPNR7BJBZDRBPAWEE51C1,5/2/2024,Thursday,9,20,221
01JP7Q3F9W8KJE7HM49FJAZE7H,01JP5JPNR9604RKK3E6WCPN0Q2,5/28/2024,Tuesday,10,11,125
01JP7Q3F9YFNHPGQA4S8BR9ZM7,01JP5JPNR61PTYNAQQTCKMFKD4,5/3/2024,Friday,29,14,113
01JP7Q3F9ZSJBT76YYC5K8AP6T,01JP5JPNR61PTYNAQQTCKMFKD4,5/3/2024,Friday,10,10,149
01JP7Q3FA1JVHD6MFNAVSD2M2G,01JP5JPNR8SKG268NAGBBE99S7,5/8/2024,Wednesday,36,19,478
01JP7Q3FA2VM6Q8S2VXQ9KF4DC,01JP5JPNREVQ0W429NCPYMBAXN,5/20/2024,Monday,17,15,221
01JP7Q3FA4NZFWB65K61R7VBW8,01JP5JPNRDNFHCETWN5KX32TKF,5/1/2024,Wednesday,19,20,108
01JP7Q3FA6SDAXY5ZZ8D8S7SDW,01JP5JPNRDNFHCETWN5KX32TKF,5/8/2024,Wednesday,33,12,234
01JP7Q3FA8XETG4A75THNQGY77,01JP5JPNR84FSFKEX2PV0CN0C9,5/15/2024,Wednesday,5,17,300
01JP7Q3FAA9CP6E9S639NBWPN4,01JP5JPNR7BJBZDRBPAWEE51C1,5/15/2024,Wednesday,30,15,450
01JP7Q3FAB89972J4P9HSG0RWN,01JP5JPNRBDQM6X7TEBYAZNGET,5/4/2024,Saturday,29,10,137
01JP7Q3FADEWXWQMTYHZ27R8W9,01JP5JPNR84FSFKEX2PV0CN0C9,5/30/2024,Thursday,1,15,215
01JP7Q3FAEVXMMGA12VPRP6CZB,01JP5JPNRCPJDJBKB17KSGDQQJ,5/30/2024,Thursday,31,16,476
01JP7Q3FAGZMBE2QNCRAEKRCV0,01JP5JPNR91N1BSRC2CRYXFS35,5/7/2024,Tuesday,9,17,239
01JP7Q3FAJ4VTJ3M54E9VTBRZN,01JP5JPNRCPJDJBKB17KSGDQQJ,5/19/2024,Sunday,1,15,232
01JP7Q3FAKQ6DEAGSQM2JRM07R,01JP5JPNRCPJDJBKB17KSGDQQJ,5/21/2024,Tuesday,37,14,284
01JP7Q3FANW36BX739WF70QQ5Z,01JP5JPNRBDQM6X7TEBYAZNGET,5/16/2024,Thursday,2,10,463
01JP7Q3FAQ5YF84MCVX5BW0E0E,01JP5JPNR9604RKK3E6WCPN0Q2,5/22/2024,Wednesday,23,15,482
01JP7Q3FASS93RYBX80SJ1F04Z,01JP5JPNRDFQNQXBFA9SZHNZNJ,5/22/2024,Wednesday,30,18,495
01JP7Q3FATRGWWKKMN37HG255R,01JP5JPNRDNFHCETWN5KX32TKF,5/22/2024,Wednesday,9,16,236
01JP7Q3FAVV5J5PM2FYWFRM6QS,01JP5JPNRCP9MJ5RAHSVX45KQY,5/15/2024,Wednesday,2,18,471
01JP7Q3FAXQS78MVFKHNJR04J4,01JP5JPNR9604RKK3E6WCPN0Q2,5/4/2024,Saturday,4,20,283
01JP7Q3FAZS8E3K04CV054R35K,01JP5JPNRCP9MJ5RAHSVX45KQY,5/24/2024,Friday,21,12,102
01JP7Q3FB02BD5ATF380VHQEJ0,01JP5JPNRAP661YYAJKA4QPCFV,5/3/2024,Friday,38,16,112
01JP7Q3FB2HS76Q1HEA6T6FP99,01JP5JPNRCTJ03ATQBRWH1WH4P,5/15/2024,Wednesday,31,17,479
01JP7Q3FB3KQ2NCVCTYWYEN5YZ,01JP5JPNRBDQM6X7TEBYAZNGET,5/29/2024,Wednesday,31,14,481
01JP7Q3FB5C9DK3ZY2FN6JHVKS,01JP5JPNR7BJBZDRBPAWEE51C1,5/16/2024,Thursday,37,19,255
01JP7Q3FB776BFAAAX99VB8VBV,01JP5JPNRCTJ03ATQBRWH1WH4P,5/3/2024,Friday,15,11,269
01JP7Q3FB8SJDJFGQEJYV7RQ8W,01JP5JPNREH90ZG9MG7F6Q3J5T,5/3/2024,Friday,8,18,140
01JP7Q3FBABV8SJQRHWVVR2JQF,01JP5JPNRCTJ03ATQBRWH1WH4P,5/16/2024,Thursday,16,20,258
01JP7Q3FBBYMR0NM2VXV3R6NWK,01JP5JPNRAP661YYAJKA4QPCFV,5/18/2024,Saturday,4,15,289
01JP7Q3FBD75RA8VZKXX83WY3F,01JP5JPNREH90ZG9MG7F6Q3J5T,5/22/2024,Wednesday,4,16,294
01JP7Q3FBF729BATVSRN2QH8ZB,01JP5JPNR9604RKK3E6WCPN0Q2,5/27/2024,Monday,22,10,214
01JP7Q3FBH7B2F7Q6JR74VYK1D,01JP5JPNR9RSDJSMXZRQYNCGJK,5/2/2024,Thursday,40,17,294
01JP7Q3FBKKTBQRVMH5DRPP11G,01JP5JPNRBSS6X83A35REQ0ZMH,5/19/2024,Sunday,7,10,236
01JP7Q3FBN52GSRCT4B17R0XQA,01JP5JPNRBSS6X83A35REQ0ZMH,5/30/2024,Thursday,36,16,464
01JP7Q3FBQVY2RHPYEVQHQMWFS,01JP5JPNRBDQM6X7TEBYAZNGET,5/16/2024,Thursday,9,11,245
01JP7Q3FBRV0A47N0WWWAS5ADQ,01JP5JPNR7BJBZDRBPAWEE51C1,5/27/2024,Monday,4,13,259
01JP7Q3FBT29XXK1BT20J0FZTZ,01JP5JPNRBDQM6X7TEBYAZNGET,5/17/2024,Friday,27,14,266
01JP7Q3FBVPXMHEB2QHXNP711H,01JP5JPNREVQ0W429NCPYMBAXN,5/8/2024,Wednesday,15,15,299
01JP7Q3FBYV53FGV08FTBS91MQ,01JP5JPNR8SKG268NAGBBE99S7,5/26/2024,Sunday,10,16,128
01JP7Q3FBZGTYCZVSWTW8VFNAT,01JP5JPNRAP661YYAJKA4QPCFV,5/28/2024,Tuesday,14,16,114
01JP7Q3FC0JT4HHT19W5CY4ESV,01JP5JPNRAP661YYAJKA4QPCFV,5/6/2024,Monday,3,12,143
01JP7Q3FC27Q8CVKF1VYJAWFVW,01JP5JPNRCTJ03ATQBRWH1WH4P,5/16/2024,Thursday,30,15,489
01JP7Q3FC4Q21K3VS3PJ8VCBXK,01JP5JPNR72TVSKD8RCABR998H,5/14/2024,Tuesday,18,13,226
01JP7Q3FC6NV6ATNMTAZVGR43R,01JP5JPNR6Y5KD32S8YZAAQT8R,5/13/2024,Monday,18,19,218
01JP7Q3FC7BVQHH7ZNG2TNZ6NS,01JP5JPNR72TVSKD8RCABR998H,5/9/2024,Thursday,39,14,455
01JP7Q3FC969G719ZH1GTBDKWS,01JP5JPNR84FSFKEX2PV0CN0C9,5/16/2024,Thursday,5,18,281
01JP7Q3FCB2ESQ6XDS6SN104B5,01JP5JPNRBDQM6X7TEBYAZNGET,5/15/2024,Wednesday,26,14,489
01JP7Q3FCD3YYW3905RJXBY0RA,01JP5JPNR91N1BSRC2CRYXFS35,5/14/2024,Tuesday,14,13,103
01JP7Q3FCEB32HDR1GH80HSK70,01JP5JPNRAXVT13JSB0JDC18K3,5/8/2024,Wednesday,21,12,296
01JP7Q3FCF74JW16GCNZX86CFG,01JP5JPNR8SKG268NAGBBE99S7,5/29/2024,Wednesday,36,19,463
01JP7Q3FCH92ZTF7SS7NPZQNQY,01JP5JPNREH90ZG9MG7F6Q3J5T,5/8/2024,Wednesday,38,20,108
01JP7Q3FCJDG1FS3CTQS6VM3S9,01JP5JPNRBSS6X83A35REQ0ZMH,5/23/2024,Thursday,36,16,490
01JP7Q3FCMRKSJS3MYY3YRF8GJ,01JP5JPNR6Y5KD32S8YZAAQT8R,5/15/2024,Wednesday,23,19,480
01JP7Q3FCPH7K6K8GV5X0VJ3PV,01JP5JPNRBSS6X83A35REQ0ZMH,5/3/2024,Friday,13,10,247
01JP7Q3FCRRWHGR52DD9N83GD6,01JP5JPNR9604RKK3E6WCPN0Q2,5/26/2024,Sunday,34,15,287
01JP7Q3FCS7W9BJPG1SYR61MJA,01JP5JPNRBDQM6X7TEBYAZNGET,5/8/2024,Wednesday,37,19,280
01JP7Q3FCVNGA5WA52MQZ2SC76,01JP5JPNR72TVSKD8RCABR998H,5/29/2024,Wednesday,2,11,470
01JP7Q3FCW1CXG9PNT1C7A5ZB5,01JP5JPNREVQ0W429NCPYMBAXN,5/31/2024,Friday,21,11,270
01JP7Q3FCX4ZA95WABAEC8S320,01JP5JPNRCP9MJ5RAHSVX45KQY,5/20/2024,Monday,17,14,230
01JP7Q3FCZ8M4C6Q2NWVFGWZQ4,01JP5JPNREH90ZG9MG7F6Q3J5T,5/18/2024,Saturday,12,15,257
01JP7Q3FD0FDENCQGZPM6WST6S,01JP5JPNRBSS6X83A35REQ0ZMH,5/31/2024,Friday,4,19,276
01JP7Q3FD22E1TMDR416P4THG7,01JP5JPNRCTJ03ATQBRWH1WH4P,5/16/2024,Thursday,25,17,459
01JP7Q3FD4Y4R6A6RGH329QHYT,01JP5JPNR7BJBZDRBPAWEE51C1,5/29/2024,Wednesday,36,14,490
01JP7Q3FD69YMSY5CQZSZ65R0J,01JP5JPNRBSS6X83A35REQ0ZMH,5/21/2024,Tuesday,21,16,129
01JP7Q3FD8DD326H05S2NNXQM1,01JP5JPNRCPJDJBKB17KSGDQQJ,5/14/2024,Tuesday,17,18,219
01JP7Q3FD9RZ9WW45YGEFN58G8,01JP5JPNR72TVSKD8RCABR998H,5/26/2024,Sunday,40,17,286
01JP7Q3FDBKRRZSCHJWMK321G4,01JP5JPNRDFQNQXBFA9SZHNZNJ,5/9/2024,Thursday,4,14,297
01JP7Q3FDDXEPC7XZZ2KZXD5WZ,01JP5JPNR6Y5KD32S8YZAAQT8R,5/30/2024,Thursday,12,14,279
01JP7Q3FDENKF6NQFCG4B5FEBX,01JP5JPNRDNFHCETWN5KX32TKF,5/27/2024,Monday,5,12,287
01JP7Q3FDG1ZDVQ2N7RFKD4G3S,01JP5JPNR6Y5KD32S8YZAAQT8R,5/2/2024,Thursday,23,17,495
01JP7Q3FDHYMNKPNXMYA7SNZ0F,01JP5JPNRDFQNQXBFA9SZHNZNJ,5/15/2024,Wednesday,13,20,208
01JP7Q3FDKEASQ3WGQ6K2QKPFW,01JP5JPNR8SKG268NAGBBE99S7,5/11/2024,Saturday,22,11,246
01JP7Q3FDM64JKQ2SH31VR93PB,01JP5JPNR72TVSKD8RCABR998H,5/13/2024,Monday,27,15,289
01JP7Q3FDPC7P6179WVBASB3SM,01JP5JPNR9RSDJSMXZRQYNCGJK,5/28/2024,Tuesday,17,12,233
01JP7Q3FDQ0T9VE749ETPRJP2Q,01JP5JPNRCP9MJ5RAHSVX45KQY,5/8/2024,Wednesday,2,19,455
01JP7Q3FDR5QQ75X6SKV50MN3B,01JP5JPNRAXVT13JSB0JDC18K3,5/15/2024,Wednesday,37,15,296
01JP7Q3FDTVJGW81HH5T9X1JQS,01JP5JPNR9RSDJSMXZRQYNCGJK,5/28/2024,Tuesday,34,17,264
01JP7Q3FDVEWF5FYSKH0KKA7YV,01JP5JPNRCP9MJ5RAHSVX45KQY,5/22/2024,Wednesday,25,20,479
01JP7Q3FDXMMK93MKS32NH78DF,01JP5JPNRCTJ03ATQBRWH1WH4P,5/14/2024,Tuesday,29,18,139
01JP7Q3FE0HBHKYN2RDX0HMN74,01JP5JPNR91N1BSRC2CRYXFS35,5/9/2024,Thursday,22,10,229
01JP7Q3FE10CCZE74HPR9GD12K,01JP5JPNRBSS6X83A35REQ0ZMH,5/5/2024,Sunday,6,10,212
01JP7Q3FE3NEVYWW7VE22KMC42,01JP5JPNRDNFHCETWN5KX32TKF,5/28/2024,Tuesday,29,14,120
01JP7Q3FE56TR5C52D0M94H840,01JP5JPNR9604RKK3E6WCPN0Q2,5/20/2024,Monday,8,10,121
01JP7Q3FE6EMT6FJWBC87YEDC5,01JP5JPNR61PTYNAQQTCKMFKD4,6/5/2024,Wednesday,25,20,457
01JP7Q3FE8CWT8K8C3WDFM4SZR,01JP5JPNR61PTYNAQQTCKMFKD4,5/15/2024,Wednesday,2,15,461
01JP7Q3FE9PY2AJ456P5ZKH1BW,01JP5JPNRAP661YYAJKA4QPCFV,5/10/2024,Friday,13,19,230
01JP7Q3FEB5X2VCE98YJ34AP3A,01JP5JPNR8SKG268NAGBBE99S7,5/7/2024,Tuesday,9,15,222
01JP7Q3FEC261JA60909Q2ZK6J,01JP5JPNRBSS6X83A35REQ0ZMH,5/22/2024,Wednesday,15,19,294
01JP7Q3FEEEPWX7VJ1G4G0DNN7,01JP5JPNR9604RKK3E6WCPN0Q2,5/16/2024,Thursday,25,16,469
01JP7Q3FEF1HTP5Y2XMGVMWRSN,01JP5JPNRDFQNQXBFA9SZHNZNJ,5/1/2024,Wednesday,32,10,239
01JP7Q3FEGTEEYTE4TS276D5SX,01JP5JPNRCP9MJ5RAHSVX45KQY,5/29/2024,Wednesday,40,13,264
01JP7Q3FEJCD9ZP1DZTGXZSF0A,01JP5JPNR84FSFKEX2PV0CN0C9,5/22/2024,Wednesday,30,13,480
01JP7Q3FEKAVPJDCPBV9RZCYRA,01JP5JPNR9604RKK3E6WCPN0Q2,5/1/2024,Wednesday,13,11,231
01JP7Q3FEN1EBPDPVTHSG4S5DN,01JP5JPNR8SKG268NAGBBE99S7,5/6/2024,Monday,34,20,263
01JP7Q3FEPG7W6620MY2AV8KFX,01JP5JPNR7BJBZDRBPAWEE51C1,5/29/2024,Wednesday,33,18,216
01JP7Q3FER462CPN91BS0VVZK4,01JP5JPNRCP9MJ5RAHSVX45KQY,5/15/2024,Wednesday,35,15,298
01JP7Q3FESK7BBFY4S1TQVXNRF,01JP5JPNRBSS6X83A35REQ0ZMH,5/2/2024,Thursday,39,18,489
01JP7Q3FEV2BBMSWY3JDEEBGWG,01JP5JPNR6Y5KD32S8YZAAQT8R,5/22/2024,Wednesday,31,11,454
01JP7Q3FEYEYQRD6WB86P0W3ZM,01JP5JPNRDFQNQXBFA9SZHNZNJ,5/16/2024,Thursday,30,20,484
01JP7Q3FF1Q0EW7HPM5FPN68RP,01JP5JPNRAP661YYAJKA4QPCFV,5/31/2024,Friday,35,17,264
01JP7Q3FF2BVR94KDQTHD2Y0Y9,01JP5JPNRCTJ03ATQBRWH1WH4P,5/25/2024,Saturday,34,14,279
01JP7Q3FF4E98DBA5EC4ZSYYF5,01JP5JPNREVQ0W429NCPYMBAXN,5/12/2024,Sunday,12,19,271
01JP7Q3FF5VE8PJ0JHTYP6A4VB,01JP5JPNR61PTYNAQQTCKMFKD4,5/9/2024,Thursday,10,11,103
01JP7Q3FF7SRPCS5KRSK0K3PPA,01JP5JPNR8SKG268NAGBBE99S7,5/9/2024,Thursday,40,18,294
01JP7Q3FF929Z94QW37TYE0WN4,01JP5JPNRAXVT13JSB0JDC18K3,5/3/2024,Friday,12,11,263
01JP7Q3FFB12PZHWDYEAY8339B,01JP5JPNRCTJ03ATQBRWH1WH4P,5/30/2024,Thursday,39,19,465
01JP7Q3FFC1G17X7J3ETMWADP7,01JP5JPNR61PTYNAQQTCKMFKD4,5/8/2024,Wednesday,36,14,451
01JP7Q3FFE7GVTH5J2V0FCXWJE,01JP5JPNRCPJDJBKB17KSGDQQJ,5/15/2024,Wednesday,31,16,467
01JP7Q3FFG4W14HM4ERBVFENEE,01JP5JPNR72TVSKD8RCABR998H,5/25/2024,Saturday,22,11,245
01JP7Q3FFH3HTABSWEEX8R2EMT,01JP5JPNRDNFHCETWN5KX32TKF,5/16/2024,Thursday,1,11,237
01JP7Q3FFKRCNMYSW705E22CK1,01JP5JPNRBDQM6X7TEBYAZNGET,5/28/2024,Tuesday,17,14,213
01JP7Q3FFNX8QC9EHD12JRGGJN,01JP5JPNR9RSDJSMXZRQYNCGJK,5/23/2024,Thursday,2,19,480
01JP7Q3FFRXCTRXP13DH851M6P,01JP5JPNR6Y5KD32S8YZAAQT8R,5/2/2024,Thursday,29,17,124
01JP7Q3FFV73BKTBF47N10CPJQ,01JP5JPNR84FSFKEX2PV0CN0C9,5/23/2024,Thursday,16,14,258
01JP7Q3FFX91CHRNT8JZDXW8VH,01JP5JPNREVQ0W429NCPYMBAXN,5/16/2024,Thursday,2,20,491
01JP7Q3FG08W3948DC1W6XHJ9B,01JP5JPNRCP9MJ5RAHSVX45KQY,5/11/2024,Saturday,9,13,240
01JP7Q3FG1A8M2CZ18NFD3047Y,01JP5JPNREH90ZG9MG7F6Q3J5T,5/10/2024,Friday,15,16,289
01JP7Q3FG3KZ8W47CXCNTSQA4E,01JP5JPNR61PTYNAQQTCKMFKD4,5/2/2024,Thursday,27,16,287
01JP7Q3FG5SNFT29A234TTC170,01JP5JPNR8SKG268NAGBBE99S7,5/1/2024,Wednesday,21,15,278
01JP7Q3FG7V6QA8KEYJKZA4D4W,01JP5JPNR7BJBZDRBPAWEE51C1,5/9/2024,Thursday,26,17,466
01JP7Q3FGA4D049XW4VKRPE4ZH,01JP5JPNRCP9MJ5RAHSVX45KQY,6/5/2024,Wednesday,21,18,298
01JP7Q3FGCGSWN6A8MBMZGVV7M,01JP5JPNR84FSFKEX2PV0CN0C9,5/25/2024,Saturday,37,20,275
01JP7Q3FGEPY1FKW3ZY0Q1HSES,01JP5JPNR6Y5KD32S8YZAAQT8R,5/30/2024,Thursday,2,10,470
01JP7Q3FGFNB8KZ1ZDD6RNDF5D,01JP5JPNR61PTYNAQQTCKMFKD4,5/30/2024,Thursday,32,15,208
01JP7Q3FGHHFDPC0KH9DKG0NQD,01JP5JPNR6Y5KD32S8YZAAQT8R,5/8/2024,Wednesday,29,13,123
01JP7Q3FGK5QNJFJ9CX95ZTKP6,01JP5JPNRBDQM6X7TEBYAZNGET,5/16/2024,Thursday,26,13,481
01JP7Q3FGNHY456C516DQSXHY3,01JP5JPNRAXVT13JSB0JDC18K3,5/8/2024,Wednesday,23,12,456
01JP7Q3FGQM33WS4WJ19QFBHDF,01JP5JPNRCPJDJBKB17KSGDQQJ,5/9/2024,Thursday,23,17,455
01JP7Q3FGSZYKWRYE115M1CQZ4,01JP5JPNR9RSDJSMXZRQYNCGJK,5/22/2024,Wednesday,2,20,488
01JP7Q3FGVE225HYFG3HA1WZRK,01JP5JPNREH90ZG9MG7F6Q3J5T,5/16/2024,Thursday,9,14,249
01JP7Q3FGXZ4GGGN1XAZ8YN3X4,01JP5JPNR72TVSKD8RCABR998H,5/2/2024,Thursday,2,20,495
01JP7Q3FGY5K8QEJV4YKB9PQAX,01JP5JPNREH90ZG9MG7F6Q3J5T,5/6/2024,Monday,19,20,116
01JP7Q3FH082BW285RW60AACYP,01JP5JPNREH90ZG9MG7F6Q3J5T,5/15/2024,Wednesday,27,15,282
01JP7Q3FH3ZYMZGX4RZWBS6E15,01JP5JPNRDNFHCETWN5KX32TKF,5/15/2024,Wednesday,30,13,476
01JP7Q3FH5FGSSXRDG7SQH81B3,01JP5JPNR61PTYNAQQTCKMFKD4,5/1/2024,Wednesday,7,10,239
01JP7Q3FH7FGDQM0V05NRG7MM4,01JP5JPNR61PTYNAQQTCKMFKD4,5/22/2024,Wednesday,7,12,238
01JP7Q3FH9KB54Q9QCCH80QZX0,01JP5JPNRCTJ03ATQBRWH1WH4P,5/15/2024,Wednesday,36,15,452
01JP7Q3FHA16STABPMQZY2QA1A,01JP5JPNRCP9MJ5RAHSVX45KQY,5/30/2024,Thursday,39,10,461
01JP7Q3FHCHKD06W9VKAF8H8VV,01JP5JPNR9RSDJSMXZRQYNCGJK,5/30/2024,Thursday,16,15,287
01JP7Q3FHDPC457BPY3XGX0RZJ,01JP5JPNR91N1BSRC2CRYXFS35,5/3/2024,Friday,3,17,147
01JP7Q3FHEHGSW6AE9NM4QTAMN,01JP5JPNR91N1BSRC2CRYXFS35,5/9/2024,Thursday,29,18,126
01JP7Q3FHGSZKDDRPTC7R9EKBV,01JP5JPNR61PTYNAQQTCKMFKD4,5/10/2024,Friday,24,14,226
01JP7Q3FHHCEBEVX7TM1V3EABH,01JP5JPNR84FSFKEX2PV0CN0C9,5/19/2024,Sunday,8,20,131
01JP7Q3FHJGR2XQW5GV1K82HAZ,01JP5JPNRBSS6X83A35REQ0ZMH,5/9/2024,Thursday,37,11,290
01JP7Q3FHMG2F0K9Q44Q18727D,01JP5JPNR7BJBZDRBPAWEE51C1,5/22/2024,Wednesday,25,12,479
01JP7Q3FHNACM6VX3BPVGJV58M,01JP5JPNR6Y5KD32S8YZAAQT8R,5/22/2024,Wednesday,21,12,132
01JP7Q3FHPDXY3J8R4YH5NMM3K,01JP5JPNRDNFHCETWN5KX32TKF,5/4/2024,Saturday,15,15,277
01JP7Q3FHRMPB15TDYQ1P4DJES,01JP5JPNRCP9MJ5RAHSVX45KQY,5/21/2024,Tuesday,21,18,278
01JP7Q3FHSWB7J785J6QQBRVRH,01JP5JPNR61PTYNAQQTCKMFKD4,5/7/2024,Tuesday,38,17,129
01JP7Q3FHT9W4PYHB5K03K1KDT,01JP5JPNRCTJ03ATQBRWH1WH4P,5/21/2024,Tuesday,10,12,103
01JP7Q3FHWAGTCDY4QTSFD58W4,01JP5JPNREH90ZG9MG7F6Q3J5T,5/22/2024,Wednesday,34,16,296
01JP7Q3FHXPEWR2R4RP1QTM72Q,01JP5JPNR91N1BSRC2CRYXFS35,5/1/2024,Wednesday,40,12,291
01JP7Q3FHY2AJHNHVACHCYY9GQ,01JP5JPNR91N1BSRC2CRYXFS35,5/23/2024,Thursday,40,18,273
01JP7Q3FJ0A0Z608Z7V9534M9J,01JP5JPNR6Y5KD32S8YZAAQT8R,5/4/2024,Saturday,16,11,273
01JP7Q3FJ132T0P65BNJ5FRZ39,01JP5JPNR91N1BSRC2CRYXFS35,5/30/2024,Thursday,31,17,457
01JP7Q3FJ316FQA5A1F44FFP3N,01JP5JPNRBDQM6X7TEBYAZNGET,5/19/2024,Sunday,34,15,281
01JP7Q3FJ46288FZFFAZNJPWPS,01JP5JPNR9604RKK3E6WCPN0Q2,5/14/2024,Tuesday,34,11,266
01JP7Q3FJ5RABQX73NE88Z4ACG,01JP5JPNR8SKG268NAGBBE99S7,5/17/2024,Friday,38,10,117
01JP7Q3FJ7ZTD4W7JAWS3Q99VC,01JP5JPNRCPJDJBKB17KSGDQQJ,5/15/2024,Wednesday,35,11,273
01JP7Q3FJ8NJHX8QH5YA9YPH8T,01JP5JPNR91N1BSRC2CRYXFS35,5/21/2024,Tuesday,18,20,212
01JP7Q3FJ9YR0T35W8VXJ9RCP1,01JP5JPNR7BJBZDRBPAWEE51C1,5/24/2024,Friday,33,14,244
01JP7Q3FJAG40X614DSNXQRM7B,01JP5JPNRAP661YYAJKA4QPCFV,5/30/2024,Thursday,12,20,251
01JP7Q3FJCE74ESFM0T26XKK5H,01JP5JPNRDNFHCETWN5KX32TKF,5/31/2024,Friday,19,10,130
01JP7Q3FJDKAEQAT7VGA8ECDKC,01JP5JPNR72TVSKD8RCABR998H,5/7/2024,Tuesday,40,17,286
01JP7Q3FJE90G0C8YRTCA3033Q,01JP5JPNR84FSFKEX2PV0CN0C9,5/31/2024,Friday,33,16,241
01JP7Q3FJGBC4CA7HKCX2G4FM3,01JP5JPNRDNFHCETWN5KX32TKF,5/19/2024,Sunday,21,13,126
01JP7Q3FJHWQYX4CDANMS4D70M,01JP5JPNR91N1BSRC2CRYXFS35,5/10/2024,Friday,10,17,106
01JP7Q3FJJN6WZ0PGSQVDHX4PV,01JP5JPNR91N1BSRC2CRYXFS35,5/5/2024,Sunday,7,18,215
01JP7Q3FJMWVPC1RVNJ1TEJ7T4,01JP5JPNR9604RKK3E6WCPN0Q2,5/27/2024,Monday,5,14,256
01JP7Q3FJN0VV1Y3BSBGHH1JQJ,01JP5JPNRCPJDJBKB17KSGDQQJ,5/20/2024,Monday,12,19,250
01JP7Q3FJPFWHK136NV2KJN622,01JP5JPNRDNFHCETWN5KX32TKF,5/27/2024,Monday,21,12,104
01JP7Q3FJRBXBM2HTVETZR2K7M,01JP5JPNR61PTYNAQQTCKMFKD4,5/14/2024,Tuesday,37,10,284
01JP7Q3FJS2MAGA4YQ2WHGWEPC,01JP5JPNRDNFHCETWN5KX32TKF,5/14/2024,Tuesday,38,14,126
01JP7Q3FJV88H00Y8B9AZ8D39K,01JP5JPNREH90ZG9MG7F6Q3J5T,5/13/2024,Monday,3,10,107
01JP7Q3FJWZ58HS1TB257XBDK3,01JP5JPNR7BJBZDRBPAWEE51C1,5/1/2024,Wednesday,18,15,220
01JP7Q3FJY5ZQRR7YCDJ13WBSN,01JP5JPNRBDQM6X7TEBYAZNGET,5/23/2024,Thursday,6,17,234
01JP7Q3FJZH4SZWW0HKMD5Q4PM,01JP5JPNRBSS6X83A35REQ0ZMH,5/17/2024,Friday,19,13,107
01JP7Q3FK27H2CD261N96NZ8QX,01JP5JPNREVQ0W429NCPYMBAXN,5/16/2024,Thursday,25,19,497
01JP7Q3FK3WNS8CA43AAB2GWRT,01JP5JPNR61PTYNAQQTCKMFKD4,5/4/2024,Saturday,38,11,101
01JP7Q3FK5MXKNGS79SKFYWYCA,01JP5JPNRAXVT13JSB0JDC18K3,5/9/2024,Thursday,5,13,265
01JP7Q3FK6GPJDJD5KVQ9DAN3H,01JP5JPNRDNFHCETWN5KX32TKF,5/17/2024,Friday,34,19,289
01JP7Q3FK7MG3PN26MMXG6W16Z,01JP5JPNR61PTYNAQQTCKMFKD4,5/22/2024,Wednesday,23,16,492
